symbol,companyName,sector,industry,marketCap,oneYearReturnPct,cik,capital_need_score,cash_runway_component,leverage_component,capex_component,sector_component,active_unused_shelf,profitability_override,score_note,first_seen_date
BZH,Beazer Homes USA Inc. Common Stock,Consumer Discretionary,Homebuilding,891366204.0,52.28,0000915840,46.8,0.85,0.7,0.15,0.25,False,False,,2026-10-09
VNCE,Vince Holding Corp. Common Stock,Consumer Discretionary,Clothing/Shoe/Accessory Stores,149382403.0,287.76,0001579157,45.2,0.1,1.0,0.15,0.25,True,False,,2026-10-09
RIGL,Rigel Pharmaceuticals Inc. Common Stock,Health Care,Biotechnology: Pharmaceutical Preparations,910082974.0,74.17,0001034842,44.5,0.1,0.15,0.3,0.95,True,False,,2026-10-09
KRSA,Korsana Biosciences Inc. Common Stock,Health Care,Biotechnology: Pharmaceutical Preparations,1526093152.0,107.97,0001755237,38.5,0.3,0.3,0.3,0.95,False,False,,2026-10-09
RLGT,Radiant Logistics Inc. Common Stock,Industrials,Integrated Freight & Logistics,442212966.0,55.57,0001171155,33.2,0.1,0.4,0.15,0.25,True,False,,2026-10-09
TECX,Tectonic Therapeutic Inc. Common Stock,Health Care,Biotechnology: Biological Products (No Diagnostic Substances),444748077.0,45.63,0001681087,30.5,0.1,0.2,0.3,0.95,False,False,,2026-10-09
CURV,Torrid Holdings Inc. Common Stock,Consumer Discretionary,Clothing/Shoe/Accessory Stores,235337867.0,69.33,0001792781,30.2,0.1,1.0,0.15,0.25,False,False,,2026-10-09
GCO,Genesco Inc. Common Stock,Consumer Discretionary,Clothing/Shoe/Accessory Stores,398939004.0,39.62,0000018498,30.2,0.1,1.0,0.15,0.25,False,False,,2026-10-09
TITN,Titan Machinery Inc. Common Stock,Consumer Discretionary,Other Specialty Stores,556788343.0,48.1,0001409171,30.2,0.1,1.0,0.15,0.25,False,False,,2026-10-09
PACB,Pacific Biosciences of California Inc. Common Stock,Industrials,Biotechnology: Laboratory Analytical Instruments,714910746.0,64.08,0001299130,29.8,0.35,0.4,0.15,0.45,False,False,,2026-10-09
NVAX,Novavax Inc. Common Stock,Health Care,Biotechnology: Biological Products (No Diagnostic Substances),1816052443.0,53.06,0001000694,28.2,0.1,0.2,0.15,0.95,False,False,,2026-10-09
HRMY,Harmony Biosciences Holdings Inc. Common Stock,Health Care,Biotechnology: Pharmaceutical Preparations,2306161163.0,51.77,0001802665,27.2,0.1,0.15,0.15,0.95,False,False,,2026-10-09
PRSU,Pursuit Attractions and Hospitality Inc. Common Stock,Consumer Discretionary,Services-Misc. Amusement & Recreation,1420462476.0,51.6,0000884219,26.5,0.1,0.4,0.7,0.25,False,False,,2026-10-09
APPN,Appian Corporation Class A Common Stock,Technology,Computer Software: Prepackaged Software,2769122900.0,40.65,0001441683,25.2,0.1,0.7,0.15,0.3,False,False,,2026-10-09
CBRL,Cracker Barrel Old Country Store Inc Common Stock,Consumer Discretionary,Restaurants,1236983476.0,49.97,0001067294,25.0,0.1,1.0,0.15,0.25,False,True,,2026-10-09
JILL,J. Jill Inc. Common Stock,Consumer Discretionary,Apparel,363697047.0,65.66,0001687932,25.0,0.1,0.4,0.15,0.25,True,True,,2026-10-09
RMR,The RMR Group Inc. Class A Common Stock,Consumer Discretionary,Professional Services,568140802.0,35.35,0001644378,25.0,0.1,0.15,0.15,0.25,True,True,,2026-10-09
EPC,Edgewell Personal Care Company Common Stock,Consumer Discretionary,Package Goods/Cosmetics,1278045613.0,45.55,0001096752,24.2,0.1,0.7,0.15,0.25,False,True,,2026-10-09
KSS,Kohl's Corporation Common Stock,Consumer Discretionary,Department/Specialty Retail Stores,2280000309.0,49.97,0000885639,24.2,0.1,0.7,0.15,0.25,False,True,,2026-10-09
NX,Quanex Building Products Corporation Common Stock,Industrials,Metal Fabrications,849617896.0,37.84,0001423221,24.2,0.1,0.7,0.15,0.25,False,True,,2026-10-09
PLOW,Douglas Dynamics Inc. Common Stock,Industrials,Construction/Ag Equipment/Trucks,909004842.0,35.69,0001287213,24.2,0.1,0.7,0.15,0.25,False,True,,2026-10-09
ULCC,Frontier Group Holdings Inc. Common Stock,Consumer Discretionary,Air Freight/Delivery Services,1365179522.0,48.35,0001670076,24.2,0.1,0.7,0.15,0.25,False,False,,2026-10-09
VLGEA,Village Super Market Inc. Class A Common Stock,Consumer Staples,Food Chains,650729035.0,42.0,0000103595,24.2,0.3,0.4,0.15,0.25,False,False,,2026-10-09
VRA,Vera Bradley Inc. Common Stock,Consumer Discretionary,Apparel,145738413.0,158.29,0001495320,24.2,0.1,0.7,0.15,0.25,False,False,,2026-10-09
WLY,John Wiley & Sons Inc. Common Stock,Consumer Discretionary,Books,2507721346.0,41.27,0000107140,24.2,0.1,0.7,0.15,0.25,False,True,,2026-10-09
WNC,Wabash National Corporation Common Stock,Industrials,Construction/Ag Equipment/Trucks,546285490.0,57.05,0000879526,24.2,0.1,0.7,0.15,0.25,False,False,,2026-10-09
PCRX,Pacira BioSciences Inc. Common Stock,Health Care,Biotechnology: Pharmaceutical Preparations,1450574032.0,62.46,0001396814,22.2,0.1,0.15,0.15,0.7,False,False,,2026-10-09
PLAB,Photronics Inc. Common Stock,Technology,Semiconductors,1752805832.0,35.75,0000810136,21.5,0.1,0.15,0.7,0.25,False,False,,2026-10-09
NESR,National Energy Services Reunited Corp Ordinary Shares,Energy,Oilfield Services/Equipment,2343794763.0,119.04,0001698514,21.0,0.1,0.15,0.4,0.45,False,False,,2026-10-09
VMD,Viemed Healthcare Inc. Common Shares,Health Care,Misc Health and Biotechnology Services,358410225.0,39.59,0001729149,21.0,0.1,0.15,0.4,0.45,False,False,,2026-10-09
ATRO,Astronics Corporation Common Stock,Industrials,Military/Government/Technical,2771934175.0,75.04,0000008063,18.2,0.1,0.4,0.15,0.25,False,False,,2026-10-09
BSET,Bassett Furniture Industries Incorporated Common Stock,Consumer Discretionary,Home Furnishings,187994075.0,41.68,0000010329,18.2,0.1,0.4,0.15,0.25,False,True,,2026-10-09
CTKB,Cytek Biosciences Inc. Common Stock,Industrials,Biotechnology: Laboratory Analytical Instruments,696710236.0,41.04,0001831915,18.2,0.1,0.2,0.15,0.45,False,False,,2026-10-09
HVT,Haverty Furniture Companies Inc. Common Stock,Consumer Discretionary,Other Specialty Stores,428980651.0,44.17,0000216085,18.2,0.1,0.4,0.15,0.25,False,True,,2026-10-09
INFU,InfuSystems Holdings Inc. Common Stock,Health Care,Medical/Dental Instruments,267089397.0,46.91,0001337013,17.2,0.1,0.15,0.15,0.45,False,False,,2026-10-09
REX,REX American Resources Corporation,Industrials,Major Chemicals,1487595698.0,37.59,0000744187,17.0,0.1,0.15,0.4,0.25,False,False,,2026-10-09
OPRT,Oportun Financial Corporation Common Stock,Finance,Finance: Consumer Services,398249611.0,75.25,0001538716,16.2,0.1,0.3,0.15,0.25,False,False,,2026-10-09
AMPL,Amplitude Inc. Class A Common Stock,Technology,Computer Software: Prepackaged Software,1909966649.0,57.65,0001866692,15.2,0.1,0.2,0.15,0.3,False,False,,2026-10-09
EXFY,Expensify Inc. Class A Common Stock,Technology,Computer Software: Prepackaged Software,209729327.0,46.34,0001476840,15.2,0.1,0.2,0.15,0.3,False,False,,2026-10-09
POWI,Power Integrations Inc. Common Stock,Technology,Semiconductors,2787518837.0,44.28,0000833640,15.2,0.1,0.15,0.15,0.35,False,True,,2026-10-09
SDGR,Schrodinger Inc. Common Stock,Health Care,Biotechnology: Pharmaceutical Preparations,1974120523.0,42.98,0001490978,14.3,0.1,0.2,0.15,0.25,False,False,,2026-10-09
DJCO,Daily Journal Corp. (S.C.) Common Stock,Consumer Discretionary,Newspapers/Magazines,883956208.0,53.96,0000783412,14.2,0.1,0.15,0.15,0.3,False,False,,2026-10-09
FIVN,Five9 Inc. Common Stock,Technology,EDP Services,2626532115.0,76.61,0001288847,14.2,0.1,0.15,0.15,0.3,False,False,,2026-10-09
PLUS,ePlus inc. Common Stock,Technology,Retail: Computer Software & Peripheral Equipment,2389882289.0,35.68,0001022408,14.2,0.1,0.15,0.15,0.3,False,True,,2026-10-09
ARCB,ArcBest Corporation Common Stock,Industrials,Trucking Freight/Courier Services,2904781966.0,86.01,0000894405,13.2,0.1,0.15,0.15,0.25,False,True,,2026-10-09
CENT,Central Garden & Pet Company Common Stock,Consumer Discretionary,Consumer Specialties,2538129849.0,37.19,0000887733,13.2,0.1,0.15,0.15,0.25,False,False,,2026-10-09
CNXN,PC Connection Inc. Common Stock,Consumer Discretionary,Catalog/Specialty Distribution,2293890818.0,58.45,0001050377,13.2,0.1,0.15,0.15,0.25,False,True,,2026-10-09
IDT,IDT Corporation Class B Common Stock,Telecommunications,Telecommunications Equipment,2003240026.0,75.56,0001005731,13.2,0.1,0.15,0.15,0.25,False,True,,2026-10-09
KRT,Karat Packaging Inc. Common Stock,Industrials,Plastic Products,1072326590.0,153.17,0001758021,13.2,0.1,0.15,0.15,0.25,False,True,,2026-10-09
MKTW,MarketWise Inc. Class A Common Stock,Technology,Computer Software: Prepackaged Software,311703824.0,54.45,0001805651,13.2,0.1,0.15,0.15,0.25,False,True,,2026-10-09
PGNY,Progyny Inc. Common Stock,Health Care,Misc Health and Biotechnology Services,2135306788.0,38.96,0001551306,13.2,0.1,0.15,0.15,0.25,False,False,,2026-10-09
SCSC,ScanSource Inc. Common Stock,Technology,Retail: Computer Software & Peripheral Equipment,1191648758.0,50.63,0000918965,13.2,0.1,0.15,0.15,0.25,False,False,,2026-10-09
SLDE,Slide Insurance Holdings Inc. Common Stock,Finance,Property-Casualty Insurers,2955336491.0,61.06,0001886428,13.2,0.1,0.15,0.15,0.25,False,True,,2026-10-09
SOTK,Sono-Tek Corporation Common Stock,Technology,Industrial Machinery/Components,107188051.0,62.76,0000806172,13.2,0.1,0.15,0.15,0.25,False,False,,2026-10-09
TAYD,Taylor Devices Inc. Common Stock,Industrials,Industrial Machinery/Components,189334686.0,39.03,0000096536,13.2,0.1,0.15,0.15,0.25,False,False,,2026-10-09
