screen,symbol,capital_need_score,rank_of_81
Distress,AARD,38.0,36
Distress,LRMR,38.0,37
Distress,RCKT,38.0,38
Distress,KRRO,36.5,39
Distress,OCUL,36.5,40
Distress,VYGR,35.8,41
Distress,IDR,34.0,42
Up,RLGT,33.2,43
Distress,TMDX,32.0,44
Distress,OPEN,31.8,45
Distress,FEAM,31.5,46
Distress,CATX,31.0,47
Up,TECX,30.5,48
Distress,IMRX,30.5,49
Distress,LXEO,30.5,50
Distress,OLMA,30.5,51
Up,CURV,30.2,52
Up,GCO,30.2,53
Up,TITN,30.2,54
Distress,IHRT,30.2,55
Distress,JACK,30.2,56
Distress,PACK,30.2,57
Up,PACB,29.8,58
Up,NVAX,28.2,59
Distress,CLPT,28.2,60
Distress,FHTX,28.2,61
Distress,JANX,28.2,62
Distress,LCTX,28.2,63
Distress,OCGN,28.2,64
Distress,RNA,28.2,65
Distress,UPB,28.2,66
Distress,KNF,28.0,67
Up,HRMY,27.2,68
Distress,NNE,27.0,69
Up,PRSU,26.5,70
Distress,INDI,26.2,71
Distress,KPLT,25.5,72
Up,APPN,25.2,73
Distress,ALKT,25.2,74
Distress,HUCK,25.2,75
Up,CBRL,25.0,76
Up,JILL,25.0,77
Up,RMR,25.0,78
Distress,BGS,25.0,79
Distress,GPI,25.0,80
Distress,GPK,25.0,81
